GUID,商品,价格,所属品牌,产地,售后服务,包装规格,产品毛重,主体,品牌,型号,颜色,上市年份,上市月份,输入方式,智能机,3G视频通话,操作系统,操作系统版本,CPU品牌,CPU型号,CPU频率,CPU核数,CPU说明,GPU,用户界面,运营商标志或内容,网络,4G网络制式,3G网络制式,2G网络制式,网络制式,网络频率,数据业务,,双卡机类型,其它,存储,机身内存,运行内存,闪存属性(DDR),储存卡类型,最大存储扩展,可用空间,显示,屏幕尺寸,触摸屏,分辨率,PPI,屏幕材质,副屏参数,超大字体,屏幕色彩,重力感应,光线传感器,距离感应,3D加速,电子罗盘,DLNA,陀螺仪,感应器,GPS模块,重力感应,光线感应,电子罗盘,陀螺仪,摄像功能,摄像头,副摄像头,传感器类型,闪光灯,视频拍摄,连拍功能,变焦模式,自动对焦,拍摄模式,拍摄场景,照片分辨率,其他性能,,,,娱乐功能,收音机,音乐播放,视频播放,内置软件,电视播放,录音,电子书,内置游戏,JAVA,彩信功能,铃音类型,Flash播放,传输功能,GPS模块（硬件）,Wi-Fi,蓝牙,NFC(近场通讯),WIFI热点,OTG,其他,Modem,PC数据同步,地图软件,蓝牙文件传输,个人助理,Office,电子邮件,计算器,闹钟,录音,通话录音,自动开机,后台操作,后台QQ,炒股软件,其它,,,,,,其他,SIM卡尺寸,NFC(近场通讯),电池型号,电池类型,电池容量（mAh）,电池更换,理论通话时间（小时）,理论待机时间（小时）,数据线,耳机接口,机身尺寸（mm）,,,机身重量（g）,特性,机身材质,其他
1,苹果（APPLE）iPhone 4S 8G版 3G手机（白色）WCDMA/GSM,￥2398.00,苹果,中国大陆,一年质保,,0.342,苹果（APPLE）iPhone 4S 8G版 3G手机（白色）WCDMA/GSM[纠错],苹果（Apple）,iPhone 4S,白色,2012年,--,触控,是,不支持,--,iOS7,--,苹果 A5,800MHz,双核,--,--,--,无,苹果（APPLE）iPhone 4S 8G版 3G手机（白色）WCDMA/GSM[纠错],--,--,--,联通3G（WCDMA）-移动2G/联通2G（GSM）,"UMTS/HSDPA/HSUPA (850, 900, 1900, 2100 MHz) GSM/EDGE (850, 900, 1800, 1900 MHz)",802.11b/g/n WLAN 网络(仅适用于 802.11n 2.4GHz),Bluetooth 4.0 无线技术,--,--,苹果（APPLE）iPhone 4S 8G版 3G手机（白色）WCDMA/GSM[纠错],8GB ROM,512MB RAM,--,不支持,--,--,苹果（APPLE）iPhone 4S 8G版 3G手机（白色）WCDMA/GSM[纠错],3.5 英寸,电容屏，多点触控,640*960,--,IPS,--,--,1600万色,支持,支持,支持,支持,--,--,支持,苹果（APPLE）iPhone 4S 8G版 3G手机（白色）WCDMA/GSM[纠错],--,--,--,--,--,苹果（APPLE）iPhone 4S 8G版 3G手机（白色）WCDMA/GSM[纠错],800万像素,30万像素,CMOS,LED补光灯,支持,--,数码变焦,支持,支持,支持,--,三轴陀螺仪,加速感应器,距离感应器,环境光传感器,苹果（APPLE）iPhone 4S 8G版 3G手机（白色）WCDMA/GSM[纠错],不支持,AAC (8 至 320 Kbps)、Protected AAC (来自 iTunes Store)、HE-AAC、MP3 (8 至 320 Kbps)、MP3 VBR、Audible (格式 2、3、4，Audible Enhanced Audio、AAX 与 AAX+)、Apple Lossless、AIFF 与 WAV,"H.264 视频最高可达 1080p，每秒 30 帧，High Profile level 4.1，采用 AAC-LC 声音格式，最高 160 Kbps，48kHz, 立体声为 .m4v, .mp4 与 .mov 文件格式；MPEG-4 视频最高可达 2.5 Mbps，640 x 480，每秒 30 帧，Simple Profile 采用 AAC-LC 声音格式，每声道最高 160 Kbps，48 KHz，立体声为 .m4v、.mp4 与 .mov 文件格式；Motion JPEG (M-JPEG) 最高可达 35 Mbps，1280 x 720，每秒 30 帧，音频为 ulaw 格式，PCM 立体声为 .avi 文件格式",--,不支持,--,支持,--,--,支持,MP3铃声,--,苹果（APPLE）iPhone 4S 8G版 3G手机（白色）WCDMA/GSM[纠错],自带谷歌地图,支持,支持,--,--,--,--,支持,--,--,--,苹果（APPLE）iPhone 4S 8G版 3G手机（白色）WCDMA/GSM[纠错],.jpg、.tiff、.gif (图像)；.doc 和 .docx (Microsoft Word)； .htm 和 .html (网页)；.key (Keynote)；.numbers (Numbers)；.pages (Pages)；.pdf (Preview 和 Adobe Acrobat)；.ppt 和 .pptx (Microsoft PowerPoint)；.txt (文本)；.rtf (多信息文本格式)；.vcf (联系人信息)；.xls 和 .xlsx (Microsoft Excel),支持,支持,支持,支持,不支持,--,--,--,--,语言支持,英语(美国)、英语(英国)、简体中文、繁体中文、法语、德语、意大利语、日语、韩语、西班牙语、阿拉伯语、加泰罗尼亚语、克罗地亚语、捷克语、丹麦语、荷兰语、芬兰语、希腊语、希伯来语、匈牙利语、印尼语、马来语、挪威语、波兰语、葡萄牙语、葡萄牙语(巴西)、罗马尼亚语、俄语、斯洛伐克语、瑞典语、泰语、土耳其语、乌克兰语、越南语,键盘支持,英语(美国)、英语(英国)、简体中文(手写、拼音、笔画)、繁体中文(手写、拼音、注音、仓颉、笔画)、法语、法语(加拿大)、法语(瑞士)、德语(德国)、德语(瑞士)、意大利语、日语(罗马字、假名)、韩语、西班牙语、阿拉伯语、保加利亚语、加泰罗尼亚语、切罗基语、克罗地亚语、捷克语、丹麦语、荷兰语、表情符号、爱沙尼亚语、芬兰语、佛兰芒语、希腊语、夏威夷语、希伯来语、印地语、匈牙利语、冰岛语、印尼语、拉脱维亚语、立陶宛语、马其顿语、马来语、挪威语、波兰语、葡萄牙语、葡萄牙语(巴西)、罗马尼亚语、俄语、塞尔维亚语(西里尔字母/拉丁字母)、斯洛伐克语、瑞典语、泰语、藏语、土耳其语、乌克兰语、越南语,词典支持(支持预测文本和自动更正),英语(美国)、英语(英国)、简体中文、繁体中文、法语、法语(加拿大)、法语(瑞士)、德语、意大利语、日语(罗马字、假名)、韩语、西班牙语、阿拉伯语、加泰罗尼亚语、切罗基语、克罗地亚语、捷克语、丹麦语、荷兰语、爱沙尼亚语、芬兰语、佛兰芒语、希腊语、夏威夷语、希伯来语、印地语、匈牙利语、印尼语、拉脱维亚语、立陶宛语、马来语、挪威语、波兰语、葡萄牙语、葡萄牙语(巴西)、罗马尼亚语、俄语、斯洛伐克语、瑞典语、泰语、土耳其语、乌克兰语、越南语,苹果（APPLE）iPhone 4S 8G版 3G手机（白色）WCDMA/GSM[纠错],小卡,--,--,内置电池,--,不支持,使用 3G 网络时长达 7 小时 /使用 2G 网络时长达 14 小时,长达 300 小时,苹果30pin,3.5mm,高度： 115.2 毫米 (4.5 英寸),宽度： 58.6 毫米 (2.31 英寸),厚度： 9.3 毫米 (0.37 英寸),重量： 140克 (4.9 盎司),--,--,--
2,努比亚（nubia） 小牛2 Z5S mini 3G手机（白色） WCDMA/TD-SCDMA/EVDO,￥1499.00,努比亚（nubia）,中国大陆,一年质保,台,0.31,努比亚（nubia） 小牛2 Z5S mini 3G手机（白色） WCDMA/TD-SCDMA/EVDO[纠错],努比亚（nubia）,Z5S mini,白色,2013年12月,--,触控,是,可以通过第三方软件实现类似功能，如QQ视频,--,Android 4.2,--,8064,1.7GHz,骁龙600四核,--,Adreno320,--,无,努比亚（nubia） 小牛2 Z5S mini 3G手机（白色） WCDMA/TD-SCDMA/EVDO[纠错],--,--,--,EVDO（3G)、WCDMA(3G)、TD-SCDMA(3G）,WCDMA：2100M EVDO：800M TD_SCDMA 1900M/2000M GSM：850M/900M/1800M/1900M,--,,--,--,努比亚（nubia） 小牛2 Z5S mini 3G手机（白色） WCDMA/TD-SCDMA/EVDO[纠错],16GB ROM,2GB RAM,--,MicroSD(TF),32GB,--,努比亚（nubia） 小牛2 Z5S mini 3G手机（白色） WCDMA/TD-SCDMA/EVDO[纠错],4.7吋,电容屏,1280*720,--,TFT,--,支持,1600万色,支持,--,支持,--,支持,--,支持,努比亚（nubia） 小牛2 Z5S mini 3G手机（白色） WCDMA/TD-SCDMA/EVDO[纠错],--,--,--,--,--,努比亚（nubia） 小牛2 Z5S mini 3G手机（白色） WCDMA/TD-SCDMA/EVDO[纠错],1300万,500万,--,支持,支持,支持,数码变焦,--,支持,支持,最大支持4308×3120像素照片拍摄,独立对焦、独立测光、白平衡,,,,努比亚（nubia） 小牛2 Z5S mini 3G手机（白色） WCDMA/TD-SCDMA/EVDO[纠错],--,"AMR-WB, WAV, MP3, iMelody, Midi ringtone",支持 H.263、H.264、mpeg4,--,需要下载软件,--,--,--,--,"Image： *.jpg,*.gif*.png,*wbmp,*.bmp Audio： *mid, *.midi Video： mp4,3gp",MP3铃声,--,努比亚（nubia） 小牛2 Z5S mini 3G手机（白色） WCDMA/TD-SCDMA/EVDO[纠错],支持,极速双频WIFI,V4.0,--,支持,支持,--,支持,支持,--,支持,努比亚（nubia） 小牛2 Z5S mini 3G手机（白色） WCDMA/TD-SCDMA/EVDO[纠错],支持,支持,支持,支持,支持,支持,--,支持,--,--,--,,,,,,努比亚（nubia） 小牛2 Z5S mini 3G手机（白色） WCDMA/TD-SCDMA/EVDO[纠错],小卡,--,--,锂电池,2000mah,--,约 400 分钟，跟网络环境有关,--,--,3.5mm,134.8*65.7*7.6 mm,,,120g,--,--,--
3,华为 荣耀3X （白色）双卡双待 3G手机 TD-SCDMA/WCDMA/GSM 套装版,￥1858.00,华为（HUAWEI）[8557],中国大陆,一年质保,台,0.37,华为 荣耀3X （白色）双卡双待 3G手机 TD-SCDMA/WCDMA/GSM 套装版[纠错],华为（HUAWEI）,荣耀3X,白色,2014年3月,--,触控,是,可以通过安装视频通话软件支持数据域的视频通话,--,Android 4.2,--,ARM Mali 450-MP4,1.7GHz,八核,--,MTK 6592,Emotion UI 2.0,无,华为 荣耀3X （白色）双卡双待 3G手机 TD-SCDMA/WCDMA/GSM 套装版[纠错],--,--,--,TD-SCDMA/WCDMA/GSM，支持中国联通3G和中国移动3G/2G,2G：GSM 850/900/1800/1900MHz；双3G：WCDMA 900/1900/2100MHz TD-SCDMA A+F频段,"GPRS/EDGE/WCDMA/WCDMA HSPA+(DL：21Mbps,UL：5.76Mbps)/TD-SCDMA/TD-HSPA（DL：2.8Mpbs,UL：2.2Mbps）",,双模双待单通,--,华为 荣耀3X （白色）双卡双待 3G手机 TD-SCDMA/WCDMA/GSM 套装版[纠错],8GB ROM,2GB RAM,--,MicroSD(TF),32GB,--,华为 荣耀3X （白色）双卡双待 3G手机 TD-SCDMA/WCDMA/GSM 套装版[纠错],5.5英寸，16：9,电容屏,1280*720,--,IPS,--,支持,1600万色,支持,支持,支持,--,支持,支持,--,华为 荣耀3X （白色）双卡双待 3G手机 TD-SCDMA/WCDMA/GSM 套装版[纠错],--,--,--,--,--,华为 荣耀3X （白色）双卡双待 3G手机 TD-SCDMA/WCDMA/GSM 套装版[纠错],"1300万像素，堆栈式摄像头,F2.2光圈。",500万像素，22mm大广角，单像素尺寸达到1.4微米,CMOS,LED补光灯,主摄像头支持FHD全高清摄像。副摄像头支持HD 720P高清摄像。,支持,数码变焦,支持,支持四向全景自拍、声控拍照、留声照片、智能、全景、笑脸、美肤、连拍、HDR、特效等模式,支持,最大支持4160×3120像素照片拍摄,--,,,,华为 荣耀3X （白色）双卡双待 3G手机 TD-SCDMA/WCDMA/GSM 套装版[纠错],支持,音频编码：AAC/AAC+/AMR/AWB/MP3/VORBIS/FLAC/APE/MIDI/IMELODY/WAV 音频文件格式：mp3、mp4、3gp、wma、ogg、amr、aac、flac、wav、midi,视频编码：MPEG4/H.265(部分文件格式)/H.264/H.263/VP8 视频文件格式：3gp、mp4 支持1080P播放,--,不支持,--,支持,是,--,支持,MP3铃声,支持,华为 荣耀3X （白色）双卡双待 3G手机 TD-SCDMA/WCDMA/GSM 套装版[纠错],支持A-GPS,支持802.11 b/g/n，最高150Mbps超高速率,支持,--,支持,--,--,--,支持,--,支持,华为 荣耀3X （白色）双卡双待 3G手机 TD-SCDMA/WCDMA/GSM 套装版[纠错],支持,支持,支持,支持,支持,--,--,--,--,--,--,,,,,,华为 荣耀3X （白色）双卡双待 3G手机 TD-SCDMA/WCDMA/GSM 套装版[纠错],一个标准SIM卡（大卡），一个Micro SIM卡（小卡）。双卡双待，两个卡都支持TD-SCDMA和WCDMA，可以同时插这两种3G的SIM卡。,--,--,Li-Polymer 锂聚合物电池,3000mAh(典型值),支持,3G通话：22.5小时；注：实际使用时间取决于多种因素,待机：385小时，3G通话：22.5小时，音乐：57.5小时，视频播放：15.4小时，WLAN上网：11.4小时，3G上网：10.4小时，电子书：12.3小时，游戏：7.9小时。注：实际使用时间取决于多种因素。,Micro USB,3.5mm,149.5mm×77.4mm×8.9mm,,,约162克（含电池）,--,--,--
4,三星 Galaxy Note3 N9009 16G版 电信3G手机（简约白）CDMA2000/GSM 双模双待双通,￥3999.00,三星,中国大陆,一年质保,,0.434,三星 Galaxy Note3 N9009 16G版 电信3G手机（简约白）CDMA2000/GSM 双模双待双通[纠错],三星（SAMSUNG）,Note3 N9009,白色,2013年9月,--,S-pen,是,不支持,--,Android 4.3,--,--,2.3GHz,四核,--,--,--,在外包装、在机身、在开机画面、在内置应用,三星 Galaxy Note3 N9009 16G版 电信3G手机（简约白）CDMA2000/GSM 双模双待双通[纠错],--,--,--,电信3G/2G（CDMA2000）-移动2G/联通2G（GSM）,"CDMA 800/1,900MHz,GSM 850/900/1,800/1,900MHz",CDMA 1X，EVDO rev.A,,--,--,三星 Galaxy Note3 N9009 16G版 电信3G手机（简约白）CDMA2000/GSM 双模双待双通[纠错],16GB ROM,3GB RAM,--,MicroSD(TF),64GB,--,三星 Galaxy Note3 N9009 16G版 电信3G手机（简约白）CDMA2000/GSM 双模双待双通[纠错],5.7英寸,电容屏,1920*1080,--,Super AMOLED,--,--,1600万色,支持,支持,支持,支持,支持,--,支持,三星 Galaxy Note3 N9009 16G版 电信3G手机（简约白）CDMA2000/GSM 双模双待双通[纠错],--,--,--,--,--,三星 Galaxy Note3 N9009 16G版 电信3G手机（简约白）CDMA2000/GSM 双模双待双通[纠错],1300万像素,200万像素,BIS CMOS,LED补光灯,全高清1080p录制,支持,--,支持,支持,支持,最大支持4128×3096像素照片拍摄,--,,,,三星 Galaxy Note3 N9009 16G版 电信3G手机（简约白）CDMA2000/GSM 双模双待双通[纠错],--,支持,支持,Samsung特色功能软件,不支持,--,支持,--,--,支持,MP3铃声,支持,三星 Galaxy Note3 N9009 16G版 电信3G手机（简约白）CDMA2000/GSM 双模双待双通[纠错],支持GPS，A-GPS，GLONASS,WiFi 802.11 a/b/g/n/ac,支持,--,支持,支持,--,--,--,--,支持,三星 Galaxy Note3 N9009 16G版 电信3G手机（简约白）CDMA2000/GSM 双模双待双通[纠错],支持,支持,支持,支持,支持,支持,--,支持,支持,支持,--,,,,,,三星 Galaxy Note3 N9009 16G版 电信3G手机（简约白）CDMA2000/GSM 双模双待双通[纠错],小卡＋小卡,支持,--,锂电池,3200 mAh,支持,--,--,Mini USB,3.5mm,151.2 x 79.1 x 8.3mm,,,168g,支持S PEN智能控制,--,--
5,魅族 MX3 16G 3G手机（前黑后白） TD-SCDMA/GSM,￥1799.00,魅族（MEIZU）,中国大陆,一年质保,,0.592,魅族 MX3 16G 3G手机（前黑后白） TD-SCDMA/GSM[纠错],魅族（MEIZU）,MX3,前黑后白,2013年,--,十点触控,是,不支持,--,Flyme 3.0（基于Android 4.2）,--,Exynos 5410智能8核处理器,1.6GHz A15×4+1.2GHz A7×4,智能八核,--,PowerVR SGX 544MP3（三核533MHz）,--,无,魅族 MX3 16G 3G手机（前黑后白） TD-SCDMA/GSM[纠错],--,--,--,移动3G（TD-SCDMA）-移动2G/联通2G（GSM）,900/1800MHz(2G)，TD-SCDMA/HSPA（Band A/F),"GPRS, EDGE, HSPA",--,--,魅族 MX3 16G 3G手机（前黑后白） TD-SCDMA/GSM[纠错],16GB ROM,2GB双通道低功耗DDR3（带宽为12.8GB/s）,--,不支持,--,--,魅族 MX3 16G 3G手机（前黑后白） TD-SCDMA/GSM[纠错],5.1英寸,电容屏，多点触控,1800×1080（黄金1080P）,415,夏普New Mode2,--,--,1600万色,--,--,--,--,--,--,--,魅族 MX3 16G 3G手机（前黑后白） TD-SCDMA/GSM[纠错],--,--,--,--,--,魅族 MX3 16G 3G手机（前黑后白） TD-SCDMA/GSM[纠错],800万像素,200万像素,索尼第三代背照式,LED补光灯,1080p（1920×1080，30帧/秒）视频录制,20张/秒高速连拍,--,主摄像头支持自动对焦,自动/全景/微距/文字/美颜,--,最大支持3264×2448像素照片拍摄,第二代蓝玻璃滤光片、零延时拍照技术、第四代白平衡算法、20张/秒高速连拍、五片式镜头、F/2.0超大光圈、77°广角、实时滤镜、实时回显全景拍照、陀螺仪对焦、HDR高动态、人脸识别、手势拍照,魅族 MX3 16G 3G手机（前黑后白） TD-SCDMA/GSM[纠错],--,FLAC、APE、AAC、MKA、OGG、MP3、MIDI、M4A、AMR、WAV 等,MP4、3GP、MOV、MKV、AVI、FLV、MPEG、M2TS、TS 等,--,不支持,--,--,--,--,支持,--,--,魅族 MX3 16G 3G手机（前黑后白） TD-SCDMA/GSM[纠错],支持GPS / A-GPS / GLONASS、惯性导航、电子罗盘,支持2.4GHz/5GHz双频WIFI（最高下载速率150Mbps）,支持,--,--,支持,--,--,--,--,--,魅族 MX3 16G 3G手机（前黑后白） TD-SCDMA/GSM[纠错],--,支持,支持,支持,支持,支持,--,--,支持,--,--,魅族 MX3 16G 3G手机（前黑后白） TD-SCDMA/GSM[纠错],小卡,--,--,全固态锂聚合物电池,索尼2400mAh（典型值）内置锂聚合物电池,--,3G通话长达14小时，2G通话长达12小时,3G待机长达393小时，2G待机长达429小时,--,--,139.0×71.9×9.1mm,143g（含电池重量）,--,不锈钢边框，后盖采用IML薄壁成型技术,--,,,,,,,,,,,
6,华为 麦芒B199 电信3G手机（白色）CDMA2000/GSM 双模双待双通,￥1699.00,华为,中国大陆,一年质保,台,0.17,华为 麦芒B199 电信3G手机（白色）CDMA2000/GSM 双模双待双通[纠错],华为（HUAWEI）,B199,白色,2014年,--,触控,是,不支持,--,Android4.3,--,MSM 8628,1.6GHz,四核,--,--,华为Emotion UI 1.6,在外包装、在机身、在开机画面、在内置应用,华为 麦芒B199 电信3G手机（白色）CDMA2000/GSM 双模双待双通[纠错],--,--,--,电信3G/2G（CDMA2000）-移动2G/联通2G（GSM）,CDMA：800 GSM：900M/1800M/1900M,--,双模双待双通,--,华为 麦芒B199 电信3G手机（白色）CDMA2000/GSM 双模双待双通[纠错],16GB ROM,2GB RAM,--,MicroSD(TF),32GB,--,华为 麦芒B199 电信3G手机（白色）CDMA2000/GSM 双模双待双通[纠错],5.5英寸,电容屏，多点触控,1280*720,--,TFT，IPS硬屏,--,--,1600万色,支持,支持,支持,支持,支持,支持,--,华为 麦芒B199 电信3G手机（白色）CDMA2000/GSM 双模双待双通[纠错],--,--,--,--,--,华为 麦芒B199 电信3G手机（白色）CDMA2000/GSM 双模双待双通[纠错],1300万,500万,CMOS,LED补光灯,支持,--,--,支持,--,--,--,--,华为 麦芒B199 电信3G手机（白色）CDMA2000/GSM 双模双待双通[纠错],支持,DTS环绕立体声,支持,--,不支持,--,支持,--,--,支持,MP3铃声,不支持,华为 麦芒B199 电信3G手机（白色）CDMA2000/GSM 双模双待双通[纠错],GPS Glonass 北斗,支持,支持,--,支持,支持,--,支持,--,--,--,华为 麦芒B199 电信3G手机（白色）CDMA2000/GSM 双模双待双通[纠错],--,支持,支持,关机闹钟,支持,支持,--,支持,支持,支持,实景导航 手电筒 手套模式 指路精灵,华为 麦芒B199 电信3G手机（白色）CDMA2000/GSM 双模双待双通[纠错],电信卡卡槽小卡、联通或者移动卡卡槽标准卡,--,--,锂电池,3000mAH,支持,--,--,--,--,151mm（长）x77mm（宽）x8.9mm（厚）,约170g,--,--,--,,,,,,,,,,,
7,联想 S898T 3G手机 （钛金灰） TD-SCDMA/GSM 双卡双待,￥799.00,联想,中国大陆,一年质保,,0.41,联想 S898T 3G手机 （钛金灰） TD-SCDMA/GSM 双卡双待[纠错],联想（Lenovo）,S898T,钛金灰,2013年,--,触控,是,不支持,--,Android 4.2,--,Cortex-A7,1.5GHz,四核,--,PowerVR SGX 544,--,在外包装、在开机画面、在内置应用,联想 S898T 3G手机 （钛金灰） TD-SCDMA/GSM 双卡双待[纠错],--,--,--,移动3G（TD-SCDMA）-移动2G/联通2G（GSM）,GSM 900/1800/1900,GPRS，EDGE，TD-SCDMA,双卡双待单通,--,联想 S898T 3G手机 （钛金灰） TD-SCDMA/GSM 双卡双待[纠错],8GB ROM,1GB RAM,--,MicroSD(TF),--,--,联想 S898T 3G手机 （钛金灰） TD-SCDMA/GSM 双卡双待[纠错],5.3英寸,电容屏,1280*720,--,IPS,--,支持,1600万色,支持,支持,支持,--,--,--,--,联想 S898T 3G手机 （钛金灰） TD-SCDMA/GSM 双卡双待[纠错],--,--,--,--,--,联想 S898T 3G手机 （钛金灰） TD-SCDMA/GSM 双卡双待[纠错],13M AF（1300万 像素）,2M AF(200万 像素),CMOS,支持,支持,支持,--,--,支持,--,--,--,联想 S898T 3G手机 （钛金灰） TD-SCDMA/GSM 双卡双待[纠错],支持,支持,支持,--,不支持,--,支持,是,--,支持,MP3铃声,--,联想 S898T 3G手机 （钛金灰） TD-SCDMA/GSM 双卡双待[纠错],支持A-GPS,支持,支持,--,支持,--,--,支持,--,--,--,联想 S898T 3G手机 （钛金灰） TD-SCDMA/GSM 双卡双待[纠错],支持,支持,支持,支持,支持,支持,支持,支持,支持,支持,--,联想 S898T 3G手机 （钛金灰） TD-SCDMA/GSM 双卡双待[纠错],标准卡,--,--,锂电池,2000mAh,支持,--,--,Micro USB,3.5mm,147×75.6×7.9mm,约140g,--,--,--,,,,,,,,,,,
8,三星 Galaxy S3 I9308 3G手机 (云石白) TD-SCDMA/GSM,￥1999.00,三星,中国大陆,一年质保,,0.336,三星 Galaxy S3 I9308 3G手机 (云石白) TD-SCDMA/GSM[纠错],三星（SAMSUNG）,I9308,白色,2012年,--,触控,是,支持,--,Android 4.0,--,Exynos 4412,1.4Ghz,四核,--,--,--,在外包装、在机身、在开机画面、在内置应用,三星 Galaxy S3 I9308 3G手机 (云石白) TD-SCDMA/GSM[纠错],--,--,--,移动3G（TD-SCDMA）-移动2G/联通2G（GSM）,TD HSDPA 2.8Mbps 1880MHz/2010MHz，EDGE/GPRS 900MHz/1800MHz/1900MH,"GPRS,EDGE",--,--,三星 Galaxy S3 I9308 3G手机 (云石白) TD-SCDMA/GSM[纠错],16GB ROM,1GB RAM,--,MicroSD(TF),64GB,--,三星 Galaxy S3 I9308 3G手机 (云石白) TD-SCDMA/GSM[纠错],4.8英寸,电容屏，多点触控,1280*720,--,HD Super AMOLED,--,--,1600万色,支持,支持,支持,--,--,--,--,三星 Galaxy S3 I9308 3G手机 (云石白) TD-SCDMA/GSM[纠错],--,--,--,--,--,三星 Galaxy S3 I9308 3G手机 (云石白) TD-SCDMA/GSM[纠错],800万,190万,--,LED补光灯,支持1080P,支持,--,支持,单张拍摄/连拍/笑脸模式/全景模式,支持,--,急速连拍 背光拍照,三星 Galaxy S3 I9308 3G手机 (云石白) TD-SCDMA/GSM[纠错],支持,"MP3,AAC,AAC+,AAC++,AAC+e,AMR,AMR-NB,eAAC+,e-AAC++,Enhanced AAC+","MPEG4, H.263, H.264,WMV",新浪微博 词典 高德导航 数据备份 智能名片识别 百度搜索 安全信箱,不支持,--,支持,--,--,支持,MP3铃声,支持,三星 Galaxy S3 I9308 3G手机 (云石白) TD-SCDMA/GSM[纠错],支持,支持,支持,--,--,--,--,--,支持,3D地图及语音导航,--,三星 Galaxy S3 I9308 3G手机 (云石白) TD-SCDMA/GSM[纠错],支持,支持,支持,支持,--,支持,--,支持,支持,--,--,三星 Galaxy S3 I9308 3G手机 (云石白) TD-SCDMA/GSM[纠错],小卡,支持,--,锂电池,2100MHA,支持,585 min,828 min,Micro USB,3.5mm,136.6 x 70.6 x 8.6mm,133g,智能休眠 画中画 高速连拍,塑料机身包边与金属的搭配,--,,,,,,,,,,,
9,HTC Desire 816 3G手机（轻盈白）WCDMA/GSM 双卡双待 ,￥1899.00,HTC[1115],中国大陆,一年质保,台,0.18,HTC Desire 816 3G手机（轻盈白）WCDMA/GSM 双卡双待 [纠错],HTC,HTC Desire 816,白色,2014年3月,--,触控,是,不支持,--,"Android, HTC Sense 5.5",--,高通MSM8228,1.6GHz,四核,--,--,HTC Sense 6.0,在开机画面、在内置应用,HTC Desire 816 3G手机（轻盈白）WCDMA/GSM 双卡双待 [纠错],--,--,--,联通3G（WCDMA）-移动2G/联通2G（GSM）,SIM1：GSM 850/900/1800/1900MHz WCDMA 900/1900/2100MHz SIM2：GSM850/900/1800/1900MHz,,GPRS/EDGE/HSPA/HSDPA 5.76Mbps/HSDPA 42Mbps,双卡双待单通,--,HTC Desire 816 3G手机（轻盈白）WCDMA/GSM 双卡双待 [纠错],8GB ROM,1.5GB,--,MicroSD(TF),64,因手机软件占用部分空间，可用空间与机身内存不完全相同,HTC Desire 816 3G手机（轻盈白）WCDMA/GSM 双卡双待 [纠错],5.5英寸,电容屏，多点触控,1280*720,--,Super LCD2,--,--,1600万色,支持,支持,支持,--,--,--,--,HTC Desire 816 3G手机（轻盈白）WCDMA/GSM 双卡双待 [纠错],--,--,--,--,--,HTC Desire 816 3G手机（轻盈白）WCDMA/GSM 双卡双待 [纠错],1300万像素,500万像素,--,LED补光灯,1080p高清摄录,--,--,支持,--,--,--,--,HTC Desire 816 3G手机（轻盈白）WCDMA/GSM 双卡双待 [纠错],--,.aac、.amr、.ogg、.m4a、.mid、.mp3、.wav、.wma (Windows Media Audio 9),.3gp、.3g2、.mp4、.wmv (Windows Media Video 9)、.avi（MP4 ASP 和 MP3）,--,不支持,--,支持,是,支持,支持,MP3铃声,支持,HTC Desire 816 3G手机（轻盈白）WCDMA/GSM 双卡双待 [纠错],支持A-GPS,支持,Bluetooth 4.0,--,--,--,--,--,--,--,支持,HTC Desire 816 3G手机（轻盈白）WCDMA/GSM 双卡双待 [纠错],支持,支持,支持,支持,支持,--,--,--,--,支持,--,HTC Desire 816 3G手机（轻盈白）WCDMA/GSM 双卡双待 [纠错],nano-sim卡,--,--,锂电池,2600mAh,不支持,--,--,--,3.5mm,156.6 x 78.74 x 7.99mm,约为165g,--,--,--,,,,,,,,,,
10,华为 G610-T11 3G手机（白）TD-SCDMA/GSM 双卡双待,￥788.00,华为（HUAWEI）[8557],中国大陆,一年质保,,0.302,华为 G610-T11 3G手机（白）TD-SCDMA/GSM 双卡双待[纠错],华为（HUAWEI）,G610-T11,白色,2013年,--,触控,是,不支持,--,Android 4.2,--,MT6582M,1.3GHz,四核,--,--,Emotion UI,在外包装、在机身、在开机画面、在内置应用,华为 G610-T11 3G手机（白）TD-SCDMA/GSM 双卡双待[纠错],--,--,--,移动3G（TD-SCDMA）-移动2G/联通2G（GSM）,TD 模块支持 A 频段（2010-2025MHz）,,"EDGE，GPRS,HSDPA ，HSUPA",双卡双待单通,--,华为 G610-T11 3G手机（白）TD-SCDMA/GSM 双卡双待[纠错],4GB ROM,1GB RAM,--,MicroSD(TF),--,--,华为 G610-T11 3G手机（白）TD-SCDMA/GSM 双卡双待[纠错],5.0英寸,电容屏,540*960,--,IPS,--,支持,1600万色,支持,支持,支持,--,--,支持,--,华为 G610-T11 3G手机（白）TD-SCDMA/GSM 双卡双待[纠错],--,--,--,--,--,华为 G610-T11 3G手机（白）TD-SCDMA/GSM 双卡双待[纠错],500万,30万,CMOS,LED补光灯,支持,--,--,--,--,--,2592x1944,--,华为 G610-T11 3G手机（白）TD-SCDMA/GSM 双卡双待[纠错],支持,支持,支持,--,不支持,--,--,--,--,支持,MP3铃声,--,华为 G610-T11 3G手机（白）TD-SCDMA/GSM 双卡双待[纠错],支持A-GPS,支持,支持,--,--,--,--,--,支持,--,支持,华为 G610-T11 3G手机（白）TD-SCDMA/GSM 双卡双待[纠错],支持,支持,支持,支持,支持,--,--,--,--,--,--,华为 G610-T11 3G手机（白）TD-SCDMA/GSM 双卡双待[纠错],标准卡,--,--,锂电池,2100mAh,支持,150分钟,150小时,Micro USB,3.5mm,142mm（长）×73.6mm（宽）×9.9mm（厚）,170g,--,--,--,,,,,,,,,,
11,小辣椒 红辣椒移动版 3G手机（爽辣蓝） TD-SCDMA/GSM 双卡双待,￥698.50,小辣椒,中国大陆,一年质保,台,0.3,小辣椒 红辣椒移动版 3G手机（爽辣蓝） TD-SCDMA/GSM 双卡双待[纠错],小辣椒,红辣椒移动版,爽辣蓝,2013年12月,--,触控,是,支持,--,Android 4.2,--,MT6582,1.3GHz,四核,--,--,--,机身背后和开机画面有运营商标示,小辣椒 红辣椒移动版 3G手机（爽辣蓝） TD-SCDMA/GSM 双卡双待[纠错],--,--,--,移动3G（TD-SCDMA）-移动2G/联通2G（GSM）,"GSM900/1800/1900 ,TD A/F",,"GPRS,EDGE,HSDPA",双卡双待单通,--,小辣椒 红辣椒移动版 3G手机（爽辣蓝） TD-SCDMA/GSM 双卡双待[纠错],4GB ROM,1GB RAM,--,MicroSD(TF),32GB,--,小辣椒 红辣椒移动版 3G手机（爽辣蓝） TD-SCDMA/GSM 双卡双待[纠错],5.0英寸,电容屏,1280*720,--,IPS,--,不支持,1600万色,支持,支持,支持,--,支持,--,不支持,小辣椒 红辣椒移动版 3G手机（爽辣蓝） TD-SCDMA/GSM 双卡双待[纠错],--,--,--,--,--,小辣椒 红辣椒移动版 3G手机（爽辣蓝） TD-SCDMA/GSM 双卡双待[纠错],1300万,500万,CMOS,支持,支持,支持,数码变焦,支持,支持,支持,--,--,小辣椒 红辣椒移动版 3G手机（爽辣蓝） TD-SCDMA/GSM 双卡双待[纠错],支持,支持,支持,--,不支持,--,支持,否,--,支持,MP3铃声,支持,小辣椒 红辣椒移动版 3G手机（爽辣蓝） TD-SCDMA/GSM 双卡双待[纠错],支持,支持,支持,--,支持,不支持,--,--,支持,百度地图,支持,小辣椒 红辣椒移动版 3G手机（爽辣蓝） TD-SCDMA/GSM 双卡双待[纠错],支持,支持,支持,支持,支持,支持,不支持,支持,支持,支持,--,小辣椒 红辣椒移动版 3G手机（爽辣蓝） TD-SCDMA/GSM 双卡双待[纠错],标准卡+小卡,不支持,LA-19A,锂电池,1900mA/h,支持,"TD通话：6.9小时,GSM通话：7.6小时",134小时,--,3.5mm,143.3 * 70.3 * 8.5 MM,79g,--,无,--,,,,,,,,,,
12,LG G2（D802）3G手机（白色）WCDMA/GSM,￥2999.00,LG,中国大陆,全国联保一年,台,0.382,LG G2（D802）3G手机（白色）WCDMA/GSM[纠错],LG,G2(LG-D802),白色,2013年,--,触控,是,不支持（借助第三方软件可以支持视频通话）,--,Android 4.2.2,--,高通骁龙800 MSM8974,2.26GHz,四核,--,--,--,无,LG G2（D802）3G手机（白色）WCDMA/GSM[纠错],--,--,--,联通3G（WCDMA）-移动2G/联通2G（GSM）,3G HSPA+ 42Mbps 1900MHz/2100MHz,2G EDGE/GPRS 850/900/1800/1900MHz,GPRS，EDGE，WCDMA,--,--,LG G2（D802）3G手机（白色）WCDMA/GSM[纠错],32GB ROM,2GB RAM,--,不支持,--,--,LG G2（D802）3G手机（白色）WCDMA/GSM[纠错],5.2英寸,电容屏,Full HD 1920*1080,--,--,--,支持,1600万色,支持,--,--,--,--,--,--,LG G2（D802）3G手机（白色）WCDMA/GSM[纠错],--,--,--,--,--,LG G2（D802）3G手机（白色）WCDMA/GSM[纠错],1300万像素全高清,210万像素,CMOS,支持,支持,支持,数码变焦,支持,支持,支持,最大支持4160*3120像素照片拍摄,OIS光学防抖像头,LG G2（D802）3G手机（白色）WCDMA/GSM[纠错],支持,支持,支持,--,不支持,--,--,--,--,支持,MP3铃声,--,LG G2（D802）3G手机（白色）WCDMA/GSM[纠错],支持A-GPS,支持,支持,--,支持,--,--,--,支持,--,支持,LG G2（D802）3G手机（白色）WCDMA/GSM[纠错],支持,支持,支持,支持,支持,--,--,支持,支持(需自行下载软件),--,--,LG G2（D802）3G手机（白色）WCDMA/GSM[纠错],小卡,支持,--,锂电池,3000mAh,不支持,--,--,Micro USB,3.5mm,约138.5x70.9x8.99 mm,约140.5g,--,--,背面按键、超窄边框设计,,,,,,,,,,
